"Region","hilo","Species","Neighborhood","tree.uniqueID","hegyi","DBH","drought_fx","post1_fx","spei12","legacy_mean","scaled_leg","scaled_dfx","scaled_spei","rel_dfx","rel_leg","Region1"
"Mammoth","low","AC",2,"9ac2_1",18.5778430570276,10.3,-0.0512258747444637,-0.0595376209624935,-1.54524753605631,-0.0442034637799061,0.414918901315376,0.337090832774518,0.193667993864244,1.74056035821184,1.23088159324973,"lat4"
"Mammoth","low","AC",2,"9ac2_2",10.3126760879571,9.2,0.00218718143416155,-0.0735398575066745,-1.59648331653535,-0.07267193373157,0.371360443692622,0.408001519670201,0.361301476269017,1.12925505836132,0.91019377573104,"lat4"
"Mammoth","low","PJ",1,"9pj1_1",8.98956124487409,37.5,0.11824950974185,0.152148797804366,-1.54360687417733,0.138580033071346,0.694588557438518,0.562084809633751,0.188300068136361,2.98504836029431,1.23573621904336,"lat4"
"Mammoth","low","PJ",1,"9pj1_2",51.0578902229825,7.5,0.00483356536647512,0.0617093926223179,-1.56046656688189,0.0709984921806176,0.591184767562657,0.411514834875429,0.243461694911916,1.69026521820738,1.4366062106646,"lat4"
"Mammoth","low","PJ",1,"9pj1_3",21.4235319119497,18.9,-0.0408951009078085,0.0384880544426096,-1.54360687417733,0.0540617180613791,0.565270492612455,0.35080587402719,0.188300068136361,1.86301511995815,1.61134842505129,"lat4"
"Mammoth","low","PJ",1,"9pj1_4",9.73123715140702,40.5,0.0147236403290827,0.0743152795369356,-1.54360687417733,0.0724906603220361,0.593467873850573,0.424644808316809,0.188300068136361,2.25514952022904,1.39756300377941,"lat4"
"Mammoth","low","PJ",1,"9pj1_5",10.5371862781911,32.7,0.0678904096220441,0.0838748818400506,-1.54728753234967,0.0797718346961369,0.604608505080725,0.495228526986271,0.200342463923076,2.4719099350621,1.22086768458209,"lat4"
"Mammoth","low","PJ",1,"9pj1_6",38.008481736773,15.2,0.0376904436295581,0.176848102594341,-1.51038829273696,0.168156177309676,0.739841822810248,0.45513532719647,0.0796153475108248,5.71667827154291,1.62554251142733,"lat4"
"Mammoth","low","PJ",1,"9pj1_7",2.93606876514001,113.8,0.0222067247073608,0.0236716231042606,-1.54360687417733,0.017885023256095,0.509917991045536,0.434579282981347,0.188300068136361,2.3079082619696,1.17336010024993,"lat4"
"Mammoth","low","PJ",2,"9pj2_1",1.90515488139977,112.8,0.066361925362734,0.0280837284417743,-1.54360687383841,0.0180178216432835,0.510121180501469,0.493199325205072,0.188300067027475,2.61922012557281,1.03431037803906,"lat4"
"Mammoth","low","PJ",2,"9pj2_2",17.248966272003,16,0.0737877921144891,0.00908562897832273,-1.54728752480216,0.0135199625057731,0.503239187652292,0.503057838269777,0.200342439229086,2.51098988414804,1.00036049409972,"lat4"
"Mammoth","low","PJ",2,"9pj2_3",19.2001247779447,20.1,0.12511718138221,0.131600919189654,-1.54201194690353,0.116811301562386,0.661281099378986,0.571202267952619,0.183081777118042,3.11992966719094,1.15770040926,"lat4"
"Mammoth","low","PJ",2,"9pj2_4",2.64723509752989,64.4,0.000184801313860026,0.0866907060467876,-1.54728752480216,0.0931459330125461,0.625071673482362,0.405343178060202,0.200342439229086,2.02325168656205,1.54208016149103,"lat4"
"Mammoth","low","PJ",2,"9pj2_5",12.4089223775349,18.9,0.0178311180964187,0.103597791411894,-1.54728752480216,0.107011933778639,0.646287481981814,0.428770267497762,0.200342439229086,2.14018691769783,1.5073047992657,"lat4"
"Mammoth","low","PJ",2,"9pj2_6",13.8977908448973,14.7,0.0161305522640777,0.197258509393968,-1.55335880727812,0.195737943487661,0.782043570753298,0.42651261178753,0.22020649154942,1.93687574233846,1.83357666136934,"lat4"
"Mammoth","low","PJ",2,"9pj2_7",4.17045276958066,42.9,-0.0482651831862096,0.0797536881465604,-1.54728752480216,0.0884990359079174,0.617961643651011,0.341021419921225,0.200342439229086,1.70219261197712,1.81209040708868,"lat4"
"Mammoth","low","PJ",2,"9pj2_8",2.50396417409207,59.4,-0.0152529810224535,0.138988685457974,-1.54201194690353,0.145681197042323,0.70545376201141,0.384848118838107,0.183081777118042,2.10205584027064,1.8330705737662,"lat4"
"Mammoth","low","PJ",3,"9pj3_1",4.43077868403159,42.1,0.00392706799727272,0.0293942763332523,-1.5420119479374,0.0334876920963554,0.533791005318318,0.41031137722447,0.183081780500665,2.24113713610612,1.30094127276977,"lat4"
"Mammoth","low","PJ",3,"9pj3_2",5.11969754944437,33.4,0.152494752327136,0.162508023181829,-1.54728753228689,0.156886113962712,0.722597953450989,0.607548481783702,0.200342463717692,3.03254971766652,1.18936673387696,"lat4"
"Mammoth","low","PJ",3,"9pj3_3",1.47382690370481,123.2,0.0614890259977417,0.329455828331814,-1.51055899006087,0.310227255862534,0.957219049794017,0.486730108390562,0.0801738358675319,6.07093452775251,1.96663208889869,"lat4"
"Mammoth","low","PJ",3,"9pj3_4",1.99044900327892,115,-0.0995193000445688,-0.0291331471492757,-1.51255078575205,-0.00254230572355725,0.478662958891825,0.272976921203469,0.0866906029554655,3.14886402790049,1.75349240800853,"lat4"
"Mammoth","low","PJ",3,"9pj3_5",4.77713653833976,50.5,-0.00379764521580425,0.139448533939703,-1.54728753228689,0.139481455818911,0.695967788026487,0.400056118319613,0.200342463717692,1.99686132882614,1.73967540091579,"lat4"
"Mammoth","low","PJ",3,"9pj3_6",10.7533913006967,21.9,0.116607859168875,0.0727628385707558,-1.59314412523443,0.0754441320559251,0.597986861824954,0.559905369285252,0.35037629349722,1.59801156549906,1.06801415851453,"lat4"
"Mammoth","high","AC",1,"10ac1_1",2.7872259643366,50.6,0.247145149253726,0.35411508030346,-1.53794853361047,0.249284980854867,0.863973732856973,0.733205486665956,0.169787081216133,4.31838206661088,1.17835142885475,"lat4"
"Mammoth","high","AC",1,"10ac1_2",0.792873781442952,187.7,0.355253884124698,0.280136691595752,-1.55800008210388,0.186572946175162,0.768020578027417,0.876729658424391,0.235391837699437,3.72455420286855,0.876006156113916,"lat4"
"Mammoth","high","AC",1,"10ac1_3",17.7141165044808,10.4,0.37763222356585,0.236280496060614,-1.55610150813413,0.135628427204496,0.690072424352036,0.906438938044153,0.229180073905124,3.95513851880246,0.761300508383966,"lat4"
"Mammoth","high","AC",1,"10ac1_4",1.2409604983801,120.8,0.298036362858181,0.250962620811412,-1.53461208336952,0.216354836821506,0.813588647679451,0.800768198329157,0.158870866658032,5.04037156197305,1.01601018793834,"lat4"
"Mammoth","high","AC",1,"10ac1_5",8.09634509299352,22.8,0.331602011208554,0.256728745797006,-1.53422525585711,0.15343735866823,0.717321152077364,0.845329647362594,0.157605242471418,5.36358838136933,0.848569731719912,"lat4"
"Mammoth","high","AC",1,"10ac1_6",15.2221994281785,10.2,0.351465852180761,0.213633373440478,-1.56175658169912,0.100909414753784,0.636950263761534,0.871700701717082,0.247682371832313,3.5194297247252,0.73069834922338,"lat4"
"Mammoth","high","AC",1,"10ac1_7",7.88853505723957,22.8,0.346745331131865,0.351383854573324,-1.53794853361047,0.243451593148028,0.855048301611217,0.865433780967157,0.169787081216133,5.09717096712139,0.987999683413868,"lat4"
"Mammoth","high","AC",2,"10ac2_1",14.7536656869243,25.3,0.216822771456351,0.233299525453504,-1.57881340095384,0.150040027909184,0.712123033311248,0.692949774078913,0.303488958238971,2.28327837065254,1.0276690460832,"lat4"
"Mammoth","high","AC",2,"10ac2_2",15.3023630966882,25.1,0.448106541008736,0.278651418922062,-1.55700144592233,0.135150507272858,0.689341178341109,1,0.232124494854185,4.30803306918633,0.689341178341109,"lat4"
"Mammoth","high","AC",2,"10ac2_3",6.66181438325155,43.6,0.374135751641709,0.21006707562162,-1.55700144592233,0.0858000335431906,0.61383200899459,0.901797053763591,0.232124494854185,3.88497152930836,0.68067644092737,"lat4"
"Mammoth","high","AC",2,"10ac2_4",1.4369377714778,102.8,0.374308330675044,0.313007252944861,-1.5548070787809,0.231927003162858,0.837414991308945,0.902026168116394,0.224944953483803,4.00998623950612,0.928371061626328,"lat4"
"Mammoth","high","AC",2,"10ac2_5",8.47755257512702,21.5,0.319730058699235,0.228254281928135,-1.55700144592233,0.114133305589121,0.657183605754867,0.829568551341176,0.232124494854185,3.57380875233478,0.792199275987969,"lat4"
"Mammoth","high","AC",3,"10ac3_1",26.7594061063306,11,0.140914684276617,0.279786680258639,-1.50527532431564,0.15051026007303,0.712842516578754,0.592174888911298,0.0628867118995773,9.41653444780086,1.20377025423908,"lat4"
"Mammoth","high","AC",3,"10ac3_2",2.05100284646195,101.5,0.178310751133545,0.17769297723885,-1.55800001696652,0.111042820375829,0.652454978981967,0.641821566666518,0.23539162458269,2.72661173822289,1.01656755221031,"lat4"
"Mammoth","high","AC",3,"10ac3_3",1.3707866256462,90,0.0517980007157262,0.0912935926470521,-1.55800001696652,0.0686218009167051,0.587548288121462,0.473864391492188,0.23539162458269,2.01308943057031,1.23990808060358,"lat4"
"Mammoth","high","AC",3,"10ac3_4",20.9443226954211,7.8,0.287221224169797,0.162856383068869,-1.55610147808595,0.0749819279039798,0.597279661894654,0.786410118710933,0.229179975593346,3.43140851060361,0.75950149633591,"lat4"
"Mammoth","high","AC",3,"10ac3_5",3.73137215264852,27.9,0.0821283148234063,0.0619597048767416,-1.53794844435088,-0.0225505951544376,0.448049082250104,0.514130640252507,0.169786789176164,3.02809566484625,0.871469325442366,"lat4"
"Mammoth","high","PJ",1,"10pj1_1",3.57751545023556,42.5,0.244686036003067,0.163597148855484,-1.55800008210388,0.099514035638394,0.634815250458445,0.729940790312028,0.235391837699437,3.1009604982313,0.869680471188739,"lat4"
"Mammoth","high","PJ",1,"10pj1_2",1.29783707945945,121.7,0.236115367337515,0.257352508149972,-1.55800008210388,0.200126322408917,0.788758052339371,0.718562448653443,0.235391837699437,3.0526226213967,1.09768893965649,"lat4"
"Mammoth","high","PJ",1,"10pj1_3",5.77054819024354,23.5,0.318642458210154,0.2000095100351,-1.55800008210388,0.133361357373681,0.686603672244141,0.828124662837756,0.235391837699437,3.51806872715424,0.829106658762387,"lat4"
"Mammoth","high","PJ",2,"10pj2_1",16.4324686763836,23.2,0.181556290075692,0.0135636329373272,-1.56300499264766,0.0224241264246364,0.516863089723053,0.646130314605686,0.251766929007383,2.5663827936144,0.799936294644338,"lat4"
"Mammoth","high","PJ",2,"10pj2_2",2.50173018149633,107.8,0.0843883825005751,0.00551187066469506,-1.5548070787809,-0.0253859384951875,0.443710837765462,0.51713108551598,0.224944953483803,2.29892281425738,0.858023913458497,"lat4"
"Mammoth","high","PJ",2,"10pj2_3",1.72038483146289,139.3,0.146392227203935,0.218763085495082,-1.52204715645958,0.223189634746537,0.824046296309076,0.599446825012047,0.117760876054206,5.09037334892209,1.37467788955678,"lat4"
"Mammoth","high","PJ",2,"10pj2_4",10.6733551557406,15.9,0.369254060620804,0.262225558948172,-1.5548070787809,0.197911130923253,0.785368677194926,0.895316165226766,0.224944953483803,3.98015670661059,0.877197025696511,"lat4"
"Mammoth","high","PJ",2,"10pj2_5",4.54919431472731,35.2,-0.115398906243535,-0.0587426604907869,-1.5548070787809,-0.13209585583564,0.280438297291964,0.251895300645455,0.224944953483803,1.11980863204203,1.11331293824605,"lat4"
"Mammoth","high","PJ",3,"10pj3_1",2.53610879353163,105.5,0.286804934535361,0.202307166393526,-1.55800001696652,0.152611506583018,0.716057549111787,0.785857456383829,0.23539162458269,3.3385106958543,0.911179938925272,"lat4"
"Mammoth","high","PJ",3,"10pj3_2",2.04560266493528,116.7,0.276643524900819,0.249701035654638,-1.55800001696652,0.204039291393907,0.794745128357199,0.77236726150331,0.23539162458269,3.28120111695812,1.02897309087174,"lat4"
"Mammoth","high","PJ",3,"10pj3_3",6.78565444346434,30.7,0.247585606959445,0.157181714531961,-1.55800001696652,0.0968192890008007,0.63069212731846,0.733790234304372,0.23539162458269,3.11731666581281,0.859499210856018,"lat4"
"Mammoth","high","PJ",3,"10pj3_4",0.443930092530472,141.8,0.208953167430137,0.250720601055125,-1.55800001696652,0.195341674107821,0.781437254958377,0.682502159450204,0.23539162458269,2.89943263979832,1.14495938824263,"lat4"
"San Jac","high","AC",1,"11ac1_1",1.59037218040108,19.4,0.113767991037326,0.0348887542700114,-1.57253036049761,-0.00530184193994558,0.474440703830556,0.556135186219377,0.28293207510145,1.96561378210641,0.853103194307517,"lat1"
"San Jac","high","AC",1,"11ac1_2",1.26063416682481,45.4,0.183577524320322,-0.01245896606649,-1.55040416505859,-0.0587370848389546,0.392681593933539,0.64881368677942,0.210539478382262,3.08167233891125,0.605230132987378,"lat1"
"San Jac","high","AC",1,"11ac1_3",0.443777249871466,29.5,0.104184193426874,0.0075345618433788,-1.57253036049761,-0.0286143062697859,0.438771242446877,0.543411823801139,0.28293207510145,1.92064411080394,0.807437790693795,"lat1"
"San Jac","high","AC",1,"11ac1_4",4.85559395831027,30.4,0.120695545402483,-0.0290376033854063,-1.55040416505859,-0.0719002493519099,0.372541166836741,0.565332144298272,0.210539478382262,2.68515980300777,0.65897750657565,"lat1"
"San Jac","high","AC",2,"11ac2_1",0.649809686942996,74.9,0.171515522445623,0.0838855230239371,-1.5504041330155,0.0588498644071277,0.572596642210482,0.632800282951495,0.210539373543548,3.00561492276222,0.904861545794175,"lat1"
"San Jac","high","AC",2,"11ac2_10",10.6127508627825,8.1,0.184199796315803,-0.0568036831591161,-1.56757581268287,-0.151331951909636,0.251005922559883,0.649639809412956,0.266721760821848,2.43564607331335,0.3863770645255,"lat1"
"San Jac","high","AC",2,"11ac2_11",5.61077341833843,11.6,0.186351041823363,-0.0609534930555239,-1.56895350989052,-0.120923815454195,0.297532185665352,0.652495783355211,0.271229317425034,2.40569784103651,0.455990970754487,"lat1"
"San Jac","high","AC",2,"11ac2_3",2.45386438735576,17.8,0.237411769896149,0.127000206097482,-1.5504041330155,0.0886072143430427,0.618127163111315,0.720283540882628,0.210539373543548,3.42113462560316,0.858171994814527,"lat1"
"San Jac","high","AC",3,"11ac3_1",7.74112576617428,17.2,0.250105773159314,-0.0135568706144322,-1.56895383685382,-0.0914857140573906,0.342574237253096,0.737135983997599,0.271230387185192,2.7177485223818,0.464736825619697,"lat1"
"San Jac","high","AC",3,"11ac3_2",6.84795551749793,19.8,0.18983827521746,-0.00340142291320826,-1.56895383685382,-0.0565107753729913,0.396087980251208,0.65712540264743,0.271230387185192,2.42275730778925,0.602758588627751,"lat1"
"San Jac","high","AC",3,"11ac3_4",1.37772002749022,47.4,0.200465976974838,-0.0380322989509648,-1.55040431073444,-0.0953562487503417,0.336652088233969,0.67123464270323,0.210539955005249,3.18815800395937,0.501541587421928,"lat1"
"San Jac","high","PJ",1,"11pj1_1",0.649163158956901,61.4,0.0304763909231615,-0.0634771244220514,-1.55040416505859,-0.0723489572075802,0.37185461704501,0.445558016529178,0.210539478382262,2.11626826452096,0.83458181258121,"lat1"
"San Jac","high","PJ",1,"11pj1_2",4.64815607799221,26.1,0.138457176662503,-0.0954614078740509,-1.57253036049761,-0.128502546956396,0.285936274275194,0.588912324185823,0.28293207510145,2.08146186315093,0.485532841701868,"lat1"
"San Jac","high","PJ",1,"11pj1_3",4.65285375273123,26.6,0.1438099812726,-0.00480026409472715,-1.57253036049761,-0.0360850025153413,0.427340631445408,0.596018658832749,0.28293207510145,2.10657861474008,0.716992035588815,"lat1"
"San Jac","high","PJ",1,"11pj1_4",1.5026015111091,59.8,-0.0311497575500319,-0.109265083221457,-1.55040416505859,-0.05816273553884,0.393560382631779,0.363743703108215,0.210539478382262,1.72767457154896,1.08197167200086,"lat1"
"San Jac","high","PJ",2,"11pj2_1",1.04125139693896,54.1,0.14794170229272,-0.150122754445303,-1.5504041330155,-0.157104566349384,0.242173478038868,0.601503894027272,0.210539373543548,2.85696629520396,0.402613317126569,"lat1"
"San Jac","high","PJ",2,"11pj2_15",1.55851689324013,27.9,0.144231653303167,-0.0164732675348138,-1.56895350989052,-0.0674636802354861,0.379329382296731,0.596578466779933,0.271229317425034,2.19953533210813,0.635841558855088,"lat1"
"San Jac","high","PJ",2,"11pj2_16",2.63221710577576,19.5,0.12957889267891,0.0191368036945447,-1.56895350989052,-0.0292055518528442,0.437866601427602,0.577125595232772,0.271229317425034,2.12781420796181,0.758702447170095,"lat1"
"San Jac","high","PJ",2,"11pj2_2",2.31896967397162,39.8,0.132359047640078,-0.186393928597726,-1.5504041330155,-0.131762942927446,0.280947673905048,0.580816503637518,0.210539373543548,2.75870728530207,0.483711589022589,"lat1"
"San Jac","high","PJ",3,"11pj3_1",4.25635467038994,29,0.13013134764315,-0.0566190025556365,-1.55040431073444,-0.169558287198541,0.223118542077271,0.577859029411528,0.210539955005249,2.74465257388851,0.386112409292085,"lat1"
"San Jac","high","PJ",3,"11pj3_2",1.42662683849022,77.1,0.227711215538213,-0.0169409881684907,-1.55040431073444,-0.130217081639907,0.283312933910178,0.707405173269852,0.210539955005249,3.3599568939407,0.400495988176924,"lat1"
"San Jac","high","PJ",3,"11pj3_3",8.97625488176715,11,0.152507782565894,-0.163579933465624,-1.57253052003022,-0.195819973980159,0.182936594374379,0.607565780609998,0.282932597061038,2.14738699931039,0.30109759340085,"lat1"
"San Jac","high","PJ",3,"11pj3_4",1.21605391754946,83,-0.157741119141438,-0.0616380913027196,-1.48605452355607,-0.128491462689667,0.285953233864643,0.195682164455823,1e-04,1956.82164455823,1.461314753237,"lat1"
"San Jac","high","PJ",3,"11pj3_5",5.66750472049122,23.9,0.123612112929863,-0.048780319154436,-1.57253052003022,-0.0786264960934891,0.3622496079946,0.569204152783473,0.282932597061038,2.01180125123821,0.636414204329253,"lat1"
"San Jac","high","PL",1,"11pl1_1",1.22681202823371,46.2,0.0315465623459026,-0.0785639774687904,-1.55040416505859,-0.0867367080706412,0.34984049976651,0.446978766362868,0.210539478382262,2.12301640432167,0.782678118276654,"lat1"
"San Jac","high","PL",1,"11pl1_2",0.466944495881119,98,0.135527858778329,-0.0373645243279745,-1.55040416505859,-0.027830350066362,0.439970742213563,0.585023388443072,0.210539478382262,2.7786873651358,0.752056671416952,"lat1"
"San Jac","high","PL",1,"11pl1_24",2.88855904086101,23.7,-0.0432044965234824,-0.0863183185039857,-1.55040416505859,-0.101499205951409,0.327252997191304,0.347739941441838,0.210539478382262,1.65166145614967,0.941085444008563,"lat1"
"San Jac","high","PL",1,"11pl1_4",2.63930679652026,36,0.129337587720162,-0.0533779154916119,-1.57253036049761,-0.0811153207820781,0.358441557723109,0.576805240967348,0.28293207510145,2.03867037966807,0.621425625609737,"lat1"
"San Jac","high","PL",2,"11pl2_1",0.784702612859565,85.3,0.177872181496335,-0.000759101583221571,-1.5504041330155,-0.0569081203505998,0.395480018727523,0.641239325610658,0.210539373543548,3.04569788927402,0.61674323911888,"lat1"
"San Jac","high","PL",2,"11pl2_2",1.76398371968422,37.9,0.0782524023104899,-0.140190666952434,-1.5504041330155,-0.14154648951741,0.26597826387835,0.508985014102239,0.210539373543548,2.41752887137266,0.522566001962729,"lat1"
"San Jac","high","PL",3,"11pl3_1",0.730393583542967,121.5,0.225420594506331,-0.0464619522567276,-1.55040431073444,-0.0989538517699027,0.331147540959841,0.704364165650943,0.210539955005249,3.34551304351415,0.470136837034872,"lat1"
"San Jac","high","PL",3,"11pl3_3",1.08850775894302,59.9,0.183468750843103,-0.0575785206007535,-1.55040431073444,-0.096794324010732,0.334451747281526,0.648669280101774,0.210539955005249,3.08097947530008,0.515596710898736,"lat1"
"San Jac","low","AC",2,"12ac2_1",32.0653420173296,9.6,0.179032650813182,0.0222508491042219,-1.6481156022718,-0.0219014505828736,0.449042312176388,0.642779954106129,0.530232246554818,1.21226115213209,0.698594144555801,"lat1"
"San Jac","low","AC",2,"12ac2_12",6.07168105441408,17.9,0.199117798144156,0.0919005461291599,-1.60860058181642,0.0117938443487439,0.500598123881655,0.669444812766853,0.400946805320246,1.66965992466794,0.747781018442214,"lat1"
"San Jac","low","AC",2,"12ac2_2",16.9997386324622,14,0.0519668212379018,-0.0477601741056731,-1.60860058181642,-0.0950305139894636,0.337150481853368,0.474088516079808,0.400946805320246,1.18242248046132,0.711155133309773,"lat1"
"San Jac","low","PJ",1,"12pj1_1",1.12352023694262,80.2,0.270689065605094,0.0824436999929119,-1.64811605576917,-0.0143663816812291,0.460571417182526,0.764462175575626,0.530233730309784,1.44174565267471,0.602477705107809,"lat1"
"San Jac","low","PJ",1,"12pj1_2",0.947025307804935,42.7,0.26049394638294,0.122090562727401,-1.64811605576917,0.0232918337297773,0.51819073367245,0.75092722815362,0.530233730309784,1.41621927317769,0.690067844452222,"lat1"
"San Jac","low","PL",1,"12pl1_1",9.30379184255934,8.7,0.224741725925135,-0.0864105907752957,-1.64811605576917,-0.185161621630436,0.199244509409576,0.703462905905694,0.530233730309784,1.3267034247231,0.283233853181004,"lat1"
"San Jac","low","PL",1,"12pl1_2",12.5011328060636,8.3,0.417075145767556,0.0513732233312582,-1.60860129156026,-0.0880570725072292,0.347820263397806,0.958803002312306,0.400949127463665,2.39133330549322,0.3627650962283,"lat1"
"San Jac","low","PL",1,"12pl1_3",1.94591458242924,31.5,0.282898488637422,0.115769688190129,-1.64811605576917,0.02928496759418,0.527360586070676,0.780671294389704,0.530233730309784,1.47231541443733,0.675521938440101,"lat1"
"San Jac","low","PL",1,"12pl1_4",14.5936809189123,7.8,0.135782870693411,0.00748419670547949,-1.60772183053842,-0.116606553704901,0.304137853735052,0.585361939938882,0.398071702501051,1.47049372326921,0.519572307292147,"lat1"
"San Jac","low","PL",2,"12pl2_1",9.64080054048327,8.9,0.0547947639333736,-0.127405284282939,-1.60860058181642,-0.188419700335843,0.194259454594125,0.477842867045364,0.400946805320246,1.1917861938411,0.406534172614704,"lat1"
"San Jac","low","PL",2,"12pl2_2",2.12629680672301,51.5,0.353270581254358,0.0175026244393134,-1.60149604093809,-0.0618066517557646,0.387984973402366,0.874096643597685,0.377702132999721,2.31424862935135,0.443869652451087,"lat1"
"San Jac","low","PL",2,"12pl2_3",3.1544186902495,37.8,0.203934977074475,0.110064952179287,-1.59204617870294,0.14394921677889,0.702803728868207,0.675840055639794,0.346784026553157,1.94887885222763,1.03989653025654,"lat1"
"San Jac","low","PL",3,"12pl3_1",5.92782872243352,21.8,0.303773023709587,0.0063191041706103,-1.64811625610533,-0.0914905189043227,0.342566885550605,0.808384137025876,0.530234385770607,1.5245788630834,0.423767451463041,"lat1"
"San Jac","low","PL",3,"12pl3_2",5.65341412625897,19.5,0.341537518380292,-0.096630427668904,-1.6086016050954,-0.212985121796353,0.156672894041714,0.858519936191019,0.400950153289501,2.1412136375245,0.18249185305681,"lat1"
"San Jac","low","PL",3,"12pl3_3",4.79883417382666,19.4,0.17094413773345,-0.00946477130302287,-1.6086016050954,-0.0880278389896191,0.347864992423994,0.632041717811797,0.400950153289501,1.57635983582088,0.550382961473403,"lat1"
"San Jac","low","PL",3,"12pl3_4",27.9811138938237,5,0.140413876608307,-0.0572325841567837,-1.6086016050954,-0.143108581295764,0.263588170253866,0.591510021212215,0.400950153289501,1.47527071971244,0.445619111767,"lat1"
"San Jac","low","PL",3,"12pl3_5",18.7922583441182,12.5,0.171542820086699,0.0288676226040435,-1.6086016050954,-0.0521524165574083,0.402756529284424,0.63283652305116,0.400950153289501,1.57834214018676,0.636430601923183,"lat1"
"San Jac","low","PJ",1,"12pp1_1",0.289085701281922,108.6,0.397951649937173,0.368758195941971,-1.57478694269823,0.307606797426215,0.953209592034455,0.933414823425027,0.290315172013127,3.21517754980722,1.02120682906748,"lat1"
"San Jac","low","PJ",1,"12pp1_10",0.501118565570682,87.8,0.0723443704659437,0.0414401006944162,-1.60149620630999,-0.0117467946488675,0.464579541642041,0.501141564835878,0.377702674064308,1.32681497709109,0.927042524988302,"lat1"
"San Jac","low","PJ",1,"12pp1_2",0.768903323049249,50.5,0.208283331358403,0.0735669574886425,-1.64811605576917,-0.0123222587428651,0.463699047242645,0.681612891182249,0.530233730309784,1.28549515471983,0.680296768505016,"lat1"
"San Jac","low","PJ",1,"12pp1_3",0.53794021973759,70.6,0.227451696424276,0.0889070921913554,-1.60149620630999,0.0166859281480167,0.508083303985095,0.707060638057894,0.377702674064308,1.87200326237963,0.718585191477585,"lat1"
"San Jac","low","PJ",2,"12pp2_1",0.518852672312602,95.2,0.249239118564988,0.0960128079253449,-1.57478680801923,0.0317430308039526,0.531121569444166,0.735985421251678,0.290314731369696,2.53512943617887,0.721646861619755,"lat1"
"San Jac","low","PJ",2,"12pp2_2",2.13319391958153,47.1,0.200737861468291,0.0165796551599199,-1.60149604093809,-0.0461349599827739,0.41196359688054,0.671595594080409,0.377702132999721,1.77810908491985,0.613410213693594,"lat1"
"San Jac","low","PJ",2,"12pp2_21",8.04775691561676,19.1,0.182904834100365,-0.0375688410926129,-1.49589394937706,0.311556331982027,0.959252615557357,0.647920629370279,0.0321926825319009,20.1263323964454,1.4805094514272,"lat1"
"San Jac","low","PJ",2,"12pp2_7",2.92665675508082,26.3,0.0686776171792149,-0.124100336168372,-1.5147992054952,-0.208835288069224,0.16302238724776,0.49627361656927,0.0940469938980373,5.27686846755904,0.328492955911561,"lat1"
"San Jac","low","PJ",2,"12pp2_8",1.71389576535412,66.2,0.296113199807542,0.133871984397622,-1.57478680801923,0.0663714508412595,0.584105118236881,0.798215024579332,0.290314731369696,2.74948164295135,0.731764124014968,"lat1"
"San Jac","low","PJ",3,"12pp3_1",1.64007321906686,109.5,0.21596428201494,0.103551989101261,-1.57478700219374,0.0396108031978226,0.54315973064446,0.691810051315633,0.290315366670842,2.38296049998623,0.785128417275117,"lat1"
"San Jac","low","PJ",3,"12pp3_2",3.22367336521135,23.9,-0.219089537640619,-0.154021183258652,-1.56543426361281,0.12487434505529,0.673618037011826,0.11423656281879,0.259715029881116,0.439853492002682,5.89669384643836,"lat1"
"San Jac","low","PJ",3,"12pp3_3",0.92587860465205,92.6,0.177067823824497,0.103898424572569,-1.57478700219374,0.0495112747099933,0.558308042778564,0.64017146769163,0.290315366670842,2.20508984774979,0.872122659249007,"lat1"
"SEKI","low","AC",1,"4ac1_1",1.691966742216,83,0.0504137788953898,-0.0929493619404078,-1.60689136615746,-0.120924970383161,0.297530418555124,0.472026711211026,0.395354584992688,1.19393255859106,0.630325385171072,"lat3"
"SEKI","low","AC",1,"4ac1_102",0.762767389582834,120.6,-0.00358613763829261,0.0734944657610224,-1.60689136615746,0.0720872536800855,0.592850637618771,0.400336913853103,0.395354584992688,1.01260217801826,1.48087927219299,"lat3"
"SEKI","low","AC",1,"4ac1_105",2.78582893982489,45.6,0.119829120413329,-0.0240838297413805,-1.56951986980458,-0.0485383681797945,0.4082862389376,0.564181886374085,0.273082336619856,2.0659772190226,0.723678389537808,"lat3"
"SEKI","low","AC",1,"4ac1_2",3.0524001289185,41,0.0353801978197718,0.123455053736023,-1.56951986980458,0.116038996252873,0.660099426175144,0.452068265901158,0.273082336619856,1.65542843779918,1.4601764290163,"lat3"
"SEKI","low","AC",2,"4ac2_1",1.38489024264366,54.6,-0.0599423414970973,-0.0580265689133257,-1.61013690235072,-0.0354720363552281,0.428278506243555,0.325518930903455,0.405973346515598,0.801823404657793,1.31567926035791,"lat3"
"SEKI","low","AC",2,"4ac2_1924",1.00261512734015,86.2,0.053171523264911,0.0895689714141128,-1.61013690235072,0.0750243490945424,0.597344568847313,0.475687867518418,0.405973346515598,1.17172191623211,1.25574901029862,"lat3"
"SEKI","low","AC",2,"4ac2_2",0.735909076484271,83.1,-0.0309455430629447,-0.0248990072626311,-1.61013690235072,-0.0188711600515986,0.453678837494232,0.364014816401283,0.405973346515598,0.896647081700221,1.24631970198187,"lat3"
"SEKI","low","AC",2,"4ac2_3",1.39736613063121,52.9,-0.00610285671393617,-0.00256693652485201,-1.62398413046194,-0.00129250451616394,0.480575229309643,0.3969957405306,0.451278776592664,0.879712854054599,1.21052993834981,"lat3"
"SEKI","low","AC",3,"4ac3_1",1.86829550615593,47,0.0325344794918957,0.137248007902804,-1.60689831672723,0.134014345905018,0.68760278365823,0.448290316167922,0.395377325901567,1.13382909640986,1.53383367621233,"lat3"
"SEKI","low","AC",3,"4ac3_1954",3.78717654920603,41,0.0168288764610235,0.0150623583772882,-1.62724334271955,0.0173204029376254,0.509054088269702,0.427439700631046,0.461942283531186,0.925309753771846,1.19093778027208,"lat3"
"SEKI","low","AC",3,"4ac3_1967",4.19248068959531,47.3,0.0178298194803035,0.0670847029568901,-1.62724334271955,0.0668957672080644,0.584907353561898,0.428768543466835,0.461942283531186,0.928186396337734,1.36415640203591,"lat3"
"SEKI","low","AC",3,"4ac3_2",3.1550224761047,38,0.0393896175448083,0.0927369050946015,-1.57693656484877,0.0880198426203931,0.617228449329602,0.45739113501025,0.297348316498901,1.53823347781403,1.34945433368701,"lat3"
"SEKI","low","PJ",1,"4pj1_1",1.02254574367046,91.9,-0.253631691888583,-0.0929643103030931,-1.60689136615746,-0.0873774436916982,0.348860136036229,0.0683787134497439,0.395354584992688,0.172955407741151,5.10188212728849,"lat3"
"SEKI","low","PJ",1,"4pj1_117",0.680382722164351,59.4,-0.0394120417652568,-0.0899484166605053,-1.60689136615746,-0.124116943758484,0.292646508838935,0.352774769837113,0.395354584992688,0.892299680408759,0.829556232079915,"lat3"
"SEKI","low","PJ",1,"4pj1_118",0.888081074122203,38.6,-0.00932908877471009,0.0902232745164324,-1.60689136615746,0.118740028926723,0.664232167325664,0.392712624231296,0.395354584992688,0.993317490521979,1.69139499557939,"lat3"
"SEKI","low","PJ",2,"4pj2_2",1.19275951758174,94,-0.183162803545499,-0.0811400004865097,-1.61013690235072,-0.0617013857268167,0.388146036707448,0.161932567782142,0.405973346515598,0.398874874845806,2.39696092036066,"lat3"
"SEKI","low","PJ",2,"4pj2_3064",2.0637349278868,33.1,-0.0324660012645005,0.00815131388261753,-1.61013690235072,0.0172891460911417,0.509006263429614,0.361996269941258,0.405973346515598,0.891674965975506,1.40610913894834,"lat3"
"SEKI","low","PJ",2,"4pj2_3101",1.12395524013237,64.2,-0.0779723463232599,-0.133950642853821,-1.61013690235072,-0.118056075498807,0.301919998903363,0.301582460713844,0.405973346515598,0.742862710821477,1.00111922354079,"lat3"
"SEKI","low","PJ",3,"4pj3_1",2.82209146801323,47.1,-0.0488876108582772,-0.135670450464738,-1.61189344561503,-0.131729368680647,0.280999044505887,0.34019509061287,0.411720413538639,0.826276957435688,0.825993826070977,"lat3"
"SEKI","low","PJ",3,"4pj3_1965",3.31481827478553,54.7,-0.0622043483223443,-0.0836653662287039,-1.61189344561503,-0.0729192124197744,0.370982092545566,0.322515911244655,0.411720413538639,0.783337188634168,1.15027531855365,"lat3"
"SEKI","low","PJ",3,"4pj3_1966",4.51994027610279,47.8,-0.0176512932605578,0.065069676690297,-1.61189344561503,0.0833746793370661,0.610121072348293,0.38166414135467,0.411720413538639,0.926998343546673,1.59858107230809,"lat3"
"SEKI","low","PJ",3,"4pj3_2",1.97445481578368,78.3,-0.198450923498098,-0.147710259203168,-1.61189344561503,-0.108380403917284,0.316724353730686,0.141636198977538,0.411720413538639,0.344010630321214,2.23618224731458,"lat3"
"SEKI","low","PL",1,"4pl1_1",0.791394549996652,136.6,-0.0896160712674548,0.0345460869117134,-1.60689136615746,0.0526668261026041,0.563136224688053,0.286124357529183,0.395354584992688,0.72371579435325,1.96815199359816,"lat3"
"SEKI","low","PL",1,"4pl1_122",2.65808507347606,50.1,0.0272247227569629,-0.0913439887087188,-1.56951986980458,-0.0958297553301966,0.335927594914598,0.441241131487983,0.273082336619856,1.6157805625569,0.761324298534363,"lat3"
"SEKI","low","PL",1,"4pl1_2",1.47517471334835,92,-0.08546137318053,0.0222462079214175,-1.60689136615746,0.0180710619877138,0.51020264140508,0.291640096868321,0.395354584992688,0.737667167496525,1.74942556556427,"lat3"
"SEKI","low","PL",2,"4pl2_1",0.407836826436099,152.3,-0.0312787588708998,-0.0407083101927273,-1.61013690235072,-0.0363279719835368,0.426968873662078,0.363572442129577,0.405973346515598,0.895557418362707,1.17437083834288,"lat3"
"SEKI","low","PL",3,"4pl3_1",1.47080372919513,78.4,0.022151063571015,0.0322050387448957,-1.61189344561503,0.0191542366757051,0.511859963306293,0.434505387763696,0.411720413538639,1.05534089026392,1.17802903651143,"lat3"
"SEKI","low","PL",3,"4pl3_1959",1.08597615959981,91.6,0.147356143548345,0.00717701338899163,-1.62724334271955,-0.00451398890879898,0.475646165976165,0.600726511571519,0.461942283531186,1.30043629472374,0.791784875170334,"lat3"
"SEKI","low","PJ",2,"4pp2_1",1.47936492388409,52,-0.00701801556917331,0.0614143758764354,-1.61013690235072,0.0545693816084236,0.566047248129632,0.395780783969671,0.405973346515598,0.974893517928189,1.43020396910682,"lat3"
"SEKI","high","AC",1,"8ac1_1",104.067264479443,1,-0.0869085371224716,0.0936500356520088,-1.61822008793052,0.0990906935877543,0.634167511861884,0.289718855199794,0.432419953457019,0.669994187094308,2.18890659161467,"lat3"
"SEKI","high","AC",1,"8ac1_2",9.29748347912516,9.9,0.00174872744507221,0.134454415450081,-1.60835163787011,0.12017491241651,0.666427624678644,0.407419432147733,0.400132309273664,1.01821178321565,1.63572861796389,"lat3"
"SEKI","high","AC",1,"8ac1_3157",3.34001036944545,35.6,0.0341749761643415,0.0452117236407549,-1.63244097678309,0.0372418893547189,0.539535151121149,0.450468224608588,0.478947928613425,0.940536951298054,1.19772077506677,"lat3"
"SEKI","high","AC",2,"8ac2_1",4.99543526926679,25.2,0.00554799328000283,0.0337557412412097,-1.60045567396826,0.0359115302943109,0.537499622381663,0.412463302866406,0.374298255153007,1.10196426830202,1.30314531898067,"lat3"
"SEKI","high","AC",2,"8ac2_2",3.36466632060896,96,0.082285799676877,0.189282516293857,-1.55710633546458,0.187214232283685,0.769001784036367,0.5143397157096,0.232467672982259,2.21252146206519,1.49512425455115,"lat3"
"SEKI","high","AC",2,"8ac2_4",5.38201934815488,85.9,0.052502648346555,0.31696785897945,-1.55886611701242,0.322991649319318,0.976749333381843,0.474799875268933,0.238225335037514,1.99307044817112,2.05718110778483,"lat3"
"SEKI","high","AC",2,"8ac2_528",5.71911581170501,20.7,-0.206637539888273,-0.357708102625641,-1.63429403415331,-0.315381712945093,0,0.130767721621789,0.485010770970081,0.269618180561717,0,"lat3"
"SEKI","high","AC",2,"8ac2_533",1.55872543366275,49.3,-0.0691864861693606,-0.10138477968026,-1.56354525722321,-0.0923163959594955,0.341303244379498,0.313246488632391,0.253534569343323,1.23551786032069,1.08956766241691,"lat3"
"SEKI","high","AC",2,"8ac2_543",0.398364898440727,105.2,0.0748554932448262,0.207477795506345,-1.55710633546458,0.22318717403702,0.824042531276696,0.504475308565771,0.232467672982259,2.17008800446964,1.63346454679706,"lat3"
"SEKI","high","AC",3,"8ac3_3",2.54647715848911,53.2,-0.046097835804818,0.0672194526064629,-1.55915964319789,0.076124341836652,0.599027623374791,0.343898770564522,0.239185695476785,1.43778987233749,1.74187195374809,"lat3"
"SEKI","high","AC",3,"8ac3_4",13.816704274131,16,-0.0747431140571642,-0.0813601988157756,-1.63041517306055,-0.0745458259569953,0.368493276780267,0.305869560058408,0.472319893878664,0.64758983058415,1.20473994440604,"lat3"
"SEKI","high","PJ",1,"8pj1_1",1.04497586433714,67.2,-0.0705898572999434,-0.0509101886941025,-1.61822008793052,-0.0372402000864352,0.425573110235739,0.311383385901358,0.432419953457019,0.720094860128393,1.36671745990505,"lat3"
"SEKI","high","PJ",1,"8pj1_2",7.45133677777351,18,0.0139622394199363,0.16581222081703,-1.61822008793052,0.165402549038021,0.735628607256923,0.423633979404679,0.432419953457019,0.979681848670259,1.7364721505359,"lat3"
"SEKI","high","PJ",1,"8pj1_3",1.96111624562616,47.3,-0.00771455364482192,0.0569847209161713,-1.61822008793052,0.0697674938000769,0.589301266591811,0.394856066364521,0.432419953457019,0.913131004265205,1.49244577148723,"lat3"
"SEKI","high","PJ",1,"8pj1_497",0.918022090434637,71.5,-0.245503253433127,-0.0822152773715916,-1.60062184801774,-0.0410526749822563,0.41973979617041,0.0791699543092461,0.374841944237854,0.211208898913963,5.30175620072815,"lat3"
"SEKI","high","PJ",2,"8pj2_1",2.30907418503943,110.7,0.0370906934168807,0.157090441722366,-1.59735438911766,0.13515394236353,0.689346434234796,0.454339104276655,0.364151455893279,1.24766521436017,1.51725094262421,"lat3"
"SEKI","high","PJ",2,"8pj2_2",2.73161714014293,95.8,-0.0623907616313448,0.0292436746299068,-1.59735438911766,-0.0364662170430833,0.426757350472457,0.322268430633481,0.364151455893279,0.884984600275572,1.32422946186067,"lat3"
"SEKI","high","PJ",2,"8pj2_552",2.86697222703465,42,-0.00654432117122094,-0.0559602595528838,-1.59735438911766,-0.0562373429058321,0.396506348240554,0.396409656337975,0.364151455893279,1.08858457084996,1.00024391914029,"lat3"
"SEKI","high","PJ",3,"8pj3_1",1.14868130816455,101.2,-0.305137554020284,-0.174532585516299,-1.59689813837081,-0.110428267765966,0.313590999854577,0,0.36265869242159,0,Inf,"lat3"
"SEKI","high","PJ",3,"8pj3_2",4.49595549866397,41.6,0.256509447277167,0.34528478595442,-1.55915964319789,0.338187570848675,1,0.745637443431684,0.239185695476785,3.11739981751565,1.34113436605014,"lat3"
"SEKI","high","PJ",3,"8pj3_598",2.6074429816285,42.2,-0.0985179957445905,0.0233417537764864,-1.61448359359975,0.0325523455884547,0.532359869352945,0.274306243672223,0.420194872648321,0.652807212861451,1.94075009823356,"lat3"
"SEKI","high","PL",1,"8pl1_1",62.3771963576789,1,0.013772704568387,-0.0468443899879879,-1.60062184801774,-0.0417020602458713,0.418746197970927,0.423382354662049,0.374841944237854,1.12949567456462,0.98904971678656,"lat3"
"SEKI","high","PL",1,"8pl1_3150",2.87098290798798,44.5,0.0175413635033495,0.0275334802748046,-1.56301910453808,0.0198479049227509,0.512921317112609,0.428385591939093,0.251813100360923,1.7012045494261,1.19733559383,"lat3"
"SEKI","high","PL",2,"8pl2_1",14.5565588149947,19.4,-0.143538101462905,-0.057734853582654,-1.63429403415331,-0.0405222205934906,0.420551423035256,0.214537961364507,0.485010770970081,0.442336488600871,1.96026577469302,"lat3"
"SEKI","high","PL",2,"8pl2_2",5.17171506496851,87.3,0.00864543509566363,-0.0188774993152447,-1.59735438911766,-0.037779687017444,0.424747663042325,0.416575438409323,0.364151455893279,1.1439620291712,1.01961763435744,"lat3"
"SEKI","high","PL",2,"8pl2_3001",10.7732178701571,90.1,0.0250069187387198,0.0104804093283912,-1.59735438911766,0.00330641413940677,0.487611849251259,0.438296795073162,0.364151455893279,1.20361126663081,1.11251520598015,"lat3"
"SEKI","high","PL",3,"8pl3_1",8.92842651862174,15,-0.0341075972080923,0.00499600659459908,-1.55728532115921,0.00198619472241729,0.485591834771193,0.35981690211823,0.233053279271674,1.54392550597319,1.349552597203,"lat3"
"SEKI","high","PL",3,"8pl3_2",18.5514069799843,8.2,-0.207826724683077,0.0439729065114173,-1.55728532115921,0.065193094902998,0.582302163343681,0.129188970719323,0.233053279271674,0.554332344616895,4.50736746412196,"lat3"
"SEKI","high","PL",3,"8pl3_604",0.966007318631629,126.5,-0.162488495222005,-0.121005628177799,-1.59689813837081,-0.0938775238776646,0.338914625518606,0.189379591210447,0.36265869242159,0.522197854809154,1.78960480035037,"lat3"
"SENF","low","AC",1,"17ac1_1",2.72633529274599,17.3,0.227248678764517,-0.0262546580506716,-1.64390337775088,-0.0581999303163116,0.393503472402988,0.706791113661887,0.516450669334542,1.36855493782708,0.556746491002476,"lat2"
"SENF","low","AC",1,"17ac1_2",1.16115758494807,41.4,0.199289798989858,0.0590621222811451,-1.64390337775088,0.0416303554510382,0.546249766090271,0.66967315952302,0.516450669334542,1.29668368982058,0.815696072512957,"lat2"
"SENF","low","AC",1,"17ac1_3",0.786026648897523,56.6,0.28734430188465,0.096659857703729,-1.64140117191068,0.060491468585601,0.575108394551327,0.786573515564178,0.508263939772419,1.54756899715604,0.731156571091545,"lat2"
"SENF","low","AC",2,"17ac2_1",4.76670270310492,48.5,0.386107391403736,0.163576849829817,-1.67693102057453,0.124772626150832,0.673462401018856,0.917690493673752,0.624510676040488,1.46945525333863,0.733866598446294,"lat2"
"SENF","low","AC",2,"17ac2_2",8.42453580075984,28.6,0.13722660406883,0.0693975397280646,-1.67693102057453,0.0741985811781821,0.596081094665101,0.58727862721854,0.624510676040488,0.940382045895506,1.01498857107784,"lat2"
"SENF","low","AC",2,"17ac2_3",28.5943549924604,8.1,0.289176311342875,0.156229155216325,-1.62387319686002,0.0752218113092484,0.597646697817573,0.789005674634943,0.450915823479995,1.7497848457517,0.757468186897505,"lat2"
"SENF","low","AC",3,"17ac3_1",2.45306692097289,54.8,0.411903856254266,0.165784917066276,-1.64547090207601,0.133700582873395,0.687122707498896,0.951937645454658,0.521579303248555,1.82510624851427,0.721814827662075,"lat2"
"SENF","low","AC",3,"17ac3_2",6.90904485136334,19.8,0.129416652404698,0.116526498790732,-1.57714357534142,0.0557914138777219,0.567917030415306,0.576910206522416,0.298025614462411,1.93577390172676,0.984411480321487,"lat2"
"SENF","low","AC",3,"17ac3_3",3.61147824630614,46.5,0.150512097151333,0.223222326981913,-1.64390342415541,0.209899201898249,0.80371114106564,0.604916326830365,0.516450821161136,1.17129512055055,1.32863192051191,"lat2"
"SENF","low","AC",3,"17ac3_4",5.64943170385549,10.1,0.0542185623591104,0.152325938474157,-1.57714357534142,0.100813638025619,0.636803719652837,0.477077907083426,0.298025614462411,1.60079497845847,1.33480027097855,"lat2"
"SENF","low","PJ",1,"17pj1_1",0.826698826239553,68.4,0.139656195617291,0.0621124341151992,-1.64547087663803,0.0539697825990012,0.565129825869605,0.590504130829514,0.521579220020453,1.13214658131196,0.95702942005797,"lat2"
"SENF","low","PJ",1,"17pj1_2",0.576271629361948,66.6,-0.0364089624588262,-0.0549567279512925,-1.64547087663803,-0.0592819808156593,0.391847870577476,0.356761630572231,0.521579220020453,0.684002768665211,1.09834645039874,"lat2"
"SENF","low","PJ",1,"17pj1_3",1.41188404807108,44.4,-0.0768366515159375,-0.117066881821318,-1.64547087663803,-0.105216982040198,0.321564577951023,0.303090198796116,0.521579220020453,0.581100985549676,1.06095340340363,"lat2"
"SENF","low","PJ",2,"17pj2_1",5.3333137119519,71,0.302243079652228,0.0735998911328016,-1.66198889360893,0.0430196261225379,0.548375433109742,0.806352997230083,0.575622950424565,1.40083538475201,0.680068698192324,"lat2"
"SENF","low","PJ",2,"17pj2_3",20.2644830167906,14.4,0.350718900001569,0.194855285787393,-1.67693102057453,0.149888957118279,0.711891885987389,0.87070905480724,0.624510676040488,1.39422605283179,0.817600186947624,"lat2"
"SENF","low","PJ",3,"17pj3_1",6.89988899833016,23.5,0.288573729746658,0.123197329059831,-1.64140120855534,0.0896885910315846,0.619781733966091,0.788205692796129,0.508264059666592,1.55077991017734,0.786319788896017,"lat2"
"SENF","low","PJ",3,"17pj3_2",3.45322639727492,38.6,0.308978056558517,0.0616647336436751,-1.64390342415541,0.0287053365271375,0.526473715953895,0.815294291228584,0.516450821161136,1.57864845561782,0.645746844566446,"lat2"
"SENF","low","PJ",3,"17pj3_3",4.47602965759506,32.6,0.164331010078432,0.0896293211594913,-1.64390342415541,0.0724591372161776,0.593419641617755,0.623262189769478,0.516450821161136,1.20681808263602,0.952118789425105,"lat2"
"SENF","low","PJ",3,"17pj3_4",3.48423394211734,45.8,0.178851058052143,0.0221197597285302,-1.64390342415541,0.00275507486615334,0.48676826726703,0.642538873210523,0.516450821161136,1.24414338574562,0.757570144876735,"lat2"
"SENF","low","PJ",3,"17pj3_5",3.65649018349048,13.8,0.0847200676165551,-0.155396567680278,-1.79169621126692,-0.230599316007751,0.129722125931632,0.517571427654961,1,0.517571427654961,0.250636180825096,"lat2"
"SENF","low","PL",1,"17pl1_1",0.406645862102458,122.9,0.226693846915816,0.00961697285082473,-1.64547087663803,-0.00362120019658181,0.477012185974894,0.70605452395297,0.521579220020453,1.35368606886847,0.675602477984644,"lat2"
"SENF","low","PL",1,"17pl1_2",0.911337621310521,60.2,0.0310377842744645,-0.0302349955702811,-1.64547087663803,0.00726749442540118,0.493672538430226,0.446303317229187,0.521579220020453,0.85567695202981,1.10613683423893,"lat2"
"SENF","low","PL",1,"17pl1_3",0.389688690364075,99.8,0.346208427496425,0.112462901901681,-1.64547087663803,0.0868170271358006,0.615388069871115,0.864720992590874,0.521579220020453,1.65789003740787,0.711660842218357,"lat2"
"SENF","low","PL",1,"17pl1_4",0.893150463677866,26,0.187230299688314,0.0591538328047508,-1.64390337775088,0.0384983090113774,0.541457548161239,0.653663078088423,0.516450669334542,1.26568347550151,0.828343478944353,"lat2"
"SENF","low","PL",2,"17pl2_1",4.50463693168041,52.7,0.405197473408174,0.0760585467092655,-1.67693102057453,0.0292132942590122,0.527250921591415,0.94303431267004,0.624510676040488,1.51003713603273,0.559100463798178,"lat2"
"SENF","low","PL",2,"17pl2_2",5.74919296964161,38.6,0.401407880698426,0.141522555772189,-1.67693102057453,0.0846021126503838,0.611999118553575,0.938003283904256,0.624510676040488,1.50198118285402,0.652448801678228,"lat2"
"SENF","low","PL",2,"17pl2_3",6.85792290790416,31.4,0.392610945225384,0.0419795625501036,-1.62936261172037,-0.00408530124091464,0.476302083686061,0.926324552492889,0.468876118430128,1.97562749750269,0.514184885204927,"lat2"
"SENF","low","PL",2,"17pl2_4",13.0463878584924,19.7,0.352911563726611,-0.0191503669524194,-1.68194691134793,-0.0625695646430533,0.386817671164935,0.873620015197786,0.640921692518537,1.36306825840899,0.442775651239355,"lat2"
"SENF","low","PL",3,"17pl3_1",0.884348688188579,97.3,0.257173594237201,0.0617977205805532,-1.64547090207601,0.0190878583855303,0.511758400561806,0.746519158886763,0.521579303248555,1.43126683562253,0.685526144198307,"lat2"
"SENF","high","AC",1,"18ac1_1",1.49239229508731,68.6,0.164920385178327,0.150208806438236,-1.61836499057831,0.142397843278445,0.70043003484844,0.62404463878406,0.432894046663591,1.44156438184749,1.12240373735638,"lat2"
"SENF","high","AC",1,"18ac1_2",3.74415032186412,47.7,0.0813077624480856,8.04915143752174e-05,-1.55624595546032,-0.0136778414865724,0.461624924762717,0.513041282392637,0.229652677388212,2.23398781249729,0.899781246861592,"lat2"
"SENF","high","AC",1,"18ac1_3",9.161539330088,19.5,0.209418340735864,0.228813659332874,-1.59875415502962,0.188174555731803,0.770471136210544,0.683119719294081,0.368731216993432,1.8526224192899,1.12787131515795,"lat2"
"SENF","high","AC",1,"18ac1_4",1.45268984655818,48.7,0.0943941650802339,0.00963790673530608,-1.55624595546032,-0.00411265746591681,0.476260227029575,0.53041467133589,0.229652677388212,2.30963852617865,0.897901684789518,"lat2"
"SENF","high","AC",1,"18ac1_5",9.51888578912342,10.8,0.195632593158607,0.0191815459071727,-1.63637266734896,-0.0917075995693629,0.342234739180781,0.664817886371347,0.491811653438762,1.3517733500679,0.514779680565964,"lat2"
"SENF","high","AC",1,"18ac1_6",2.25664270601591,52,0.142012218194243,0.17786097694764,-1.57020576788707,0.169604985380535,0.74205858560309,0.59363196494398,0.275326461391012,2.15610211217918,1.25003138210914,"lat2"
"SENF","high","AC",2,"18ac2_1",2.31984653713211,54.8,0.286628964344978,0.333995580993859,-1.61836495941569,0.331852391154477,0.990306797073719,0.785623839961816,0.432893944705584,1.81481827031821,1.26053557275178,"lat2"
"SENF","high","AC",2,"18ac2_2",6.22918019697565,24.4,0.322286723729207,0.159143175106312,-1.61803059158461,0.182561581186461,0.761882950253027,0.832962756548816,0.431799958366266,1.92904779264076,0.914666285212689,"lat2"
"SENF","high","AC",2,"18ac2_3",2.63477165999299,48.5,0.221834152777384,0.0802939469808019,-1.61803059158461,0.0873927302148058,0.616268929931832,0.699602838276967,0.431799958366266,1.62020126385363,0.88088397618515,"lat2"
"SENF","high","AC",2,"18ac2_4",5.7518214566047,26.9,0.271465318830126,0.23686119965551,-1.55624592820401,0.209077941769025,0.802454564066708,0.76549272228705,0.229652588210895,3.33326407618834,1.04828503355228,"lat2"
"SENF","high","AC",3,"18ac3_1",4.18169786245771,33,0.14070676261334,0.100900932541564,-1.61836500968596,0.0939864504083408,0.62635771524815,0.591898854004886,0.432894109180094,1.36730632608041,1.05821748261567,"lat2"
"SENF","high","AC",3,"18ac3_2",1.46256864177022,26.2,0.10822493457128,0.0835788129589139,-1.6363726421619,0.00849639866479847,0.495552835240174,0.54877627494131,0.491811571031629,1.11582627832483,0.903014320896383,"lat2"
"SENF","high","AC",3,"18ac3_3",0.926272198888272,113,0.151133050199824,0.101323111482788,-1.61803062003171,0.0870830755315435,0.615795139790617,0.60574069844189,0.431800051439618,1.4028268325174,1.01659858975068,"lat2"
"SENF","high","AC",3,"18ac3_4",1.42577571161001,76.1,0.185730171118254,0.188964710213413,-1.61803062003171,0.169229385076935,0.741483894728054,0.651671521062009,0.431800051439618,1.50919741414884,1.13781847259442,"lat2"
"SENF","high","AC",3,"18ac3_5",3.20436999519379,42.5,0.167040531575076,0.0042098026485722,-1.58398087531483,-0.0198411936290642,0.452194628242789,0.626859325830053,0.320395926655807,1.95651465476798,0.721365399875032,"lat2"
"SENF","high","AC",3,"18ac3_6",2.60666652305313,56,0.0988580530682994,0.0862999685369704,-1.57020580131908,0.0770077504881911,0.600379291321013,0.536340888371676,0.275326570773999,1.94801717416489,1.11939869649647,"lat2"
"SENF","high","AC",3,"18ac3_7",8.90205199451853,27.5,0.179740478615553,0.0717879241936595,-1.61803062003171,0.0506869426965186,0.560106884945229,0.643719659849648,0.431800051439618,1.4907818044567,0.87010995605766,"lat2"
"SENF","high","PJ",1,"18pj1_1",1.16228124955253,90.9,0.197537830272805,0.187871182441685,-1.61803060921901,0.175034746529468,0.75036644413251,0.667347261811223,0.431800016062576,1.54550078042265,1.1244017726183,"lat2"
"SENF","high","PJ",2,"18pj2_1",0.963350305141174,118,0.289876010458665,0.228183543369928,-1.61803059158461,0.197721421735277,0.785078410818154,0.789934588808194,0.431799958366266,1.82939940938611,0.993852430240627,"lat2"
"SENF","high","PJ",2,"18pj2_3",0.748931009957592,139.8,0.208518943091651,0.188737464763956,-1.61803059158461,0.164420721297793,0.734126352232745,0.681925687173353,0.431799958366266,1.57926297573869,1.07654890560842,"lat2"
"SENF","high","PJ",2,"18pj2_4",1.63565357040683,91.6,0.110600581788375,0.294619520487876,-1.61803059158461,0.308722452574338,0.954916610977645,0.551930162549289,0.431799958366266,1.27820800316318,1.73014028906668,"lat2"
"SENF","high","PJ",2,"18pj2_5",0.931437821476599,123.6,0.0760289737833917,0.0852993116785961,-1.61803059158461,0.078202161263231,0.60220681107241,0.50603321064069,0.431799958366266,1.17191583935137,1.19005393007695,"lat2"
"SENF","high","PJ",3,"18pj3_1",0.213391221683462,117.5,-0.0584204951552542,0.115280860748448,-1.61803062003171,0.136278167146597,0.691066565230765,0.327539320245882,0.431800051439618,0.758543958375801,2.10987360147168,"lat2"
"SENF","high","PJ",3,"18pj3_2",0.97111094171167,104.4,-0.0703383693503295,0.0647303939458745,-1.61803062003171,0.0262785201472151,0.522760542094445,0.311717259012709,0.431800051439618,0.721901857059642,1.67703432190494,"lat2"
"SENF","high","PL",1,"18pl1_1",0.801510343099534,104.6,0.182887813020739,0.084941683592105,-1.61803060921901,0.0722883708241742,0.593158358849061,0.647898032339996,0.431800016062576,1.50045856470302,0.915511900393904,"lat2"
"SENF","high","PL",1,"18pl1_2",1.1721965248891,116.6,0.255517084032488,0.18350890038039,-1.61803060921901,0.153700984040178,0.717724514625888,0.74431999102651,0.431800016062576,1.72376091555921,0.964268759779053,"lat2"
"SENF","high","PL",1,"18pl1_3",1.03666605942193,111.8,0.345261794283839,0.128741552806859,-1.61803060921901,0.0868916061714646,0.615502180245506,0.863464250959797,0.431800016062576,1.99968554617808,0.712828793503998,"lat2"
"SENF","high","PL",2,"18pl2_1",4.2834131203677,37.2,0.334710862250125,0.171188772732089,-1.5987541492407,0.102653898534776,0.639619428032636,0.849456929689914,0.368731198053231,2.30372947603767,0.752974524872171,"lat2"
"SENF","high","PL",3,"18pl3_1",1.69406475158663,68.2,0.198270228224227,0.14965876702996,-1.61803062003171,0.198597592432903,0.786419004263029,0.668319586660837,0.431800051439618,1.54775244799686,1.17671099270374,"lat2"
